course_id,info,sources
CPCS-204,"المادة تركيزها نظري أكثر من كونها عملية مقارنة بمواد البرمجة السابقة. تشرح طرق تخزين البيانات داخل البرامج، وكيف تختار أنسب طريقة حسب نوع المشكلة أو السؤال. تهتم بتحليل الكفاءة، وتنظيم البيانات، وفهم أي الأساليب أفضل من ناحية الأداء واستهلاك الذاكرة. المادة مهمة لبناء تفكير برمجي صحيح قبل كتابة الكود. || || عدد ساعات المادة: 3 ساعات",النظري: ||  - د. عبير || https://t.me/joinchat/swuspkDbC5M4OWFk || د. آصف || https://drive.google.com/drive/folders/1YDfKP4rX2VdjBtp22_StUstflE6jaKRN || د. محمد رمضان || https://drive.google.com/drive/folders/1OSV70pIrGnwll6-TeJeXRDpakL8gCBac || العملي || شرح الالبات || https://www.youtube.com/playlist?list=PLGFGof_ECfMaCBl8rNebxW3JeI6yjtFf9 || درايف الطالب || https://drive.google.com/drive/folders/1rwIuTF8HBfePPbZdVyXZ-yC74Zcqgc2R || درايف 23 || https://drive.google.com/drive/folders/11Y042RQcMoZsabzs6G0mclAL17N6e7zf || درايف 22 || https://drive.google.com/drive/folders/1SjGxbSvXO8_tTJjC3VVVKo_qSj5ehuTL
CPCS-241,"مادة قواعد البيانات تشرح المفاهيم الأساسية لقواعد البيانات بشكل عام، وكيفية تصميمها بطريقة صحيحة. تبدأ بفهم ER Diagram والعلاقات بين الجداول، وبعدها تنتقل لكتابة أوامر SQL للتعامل مع البيانات مثل الإدخال، التعديل، الحذف، والاستعلام. المادة تربط بين التصميم النظري والتطبيق العملي، وتعتبر أساس مهم لأي طالب بيتعامل مع الأنظمة والتطبيقات اللي تعتمد على البيانات. (مثل هذا البوت😊) || ||عدد ساعات المادة: 3 ساعات",• د.منار || https://t.me/databasemanar || • د.أمل || https://t.me/+J2zt2CrOeZ5iODU0 || • الدسوقي || https://youtube.com/playlist?list=PL37D52B7714788190&si=KQ2UBt0eJWO40myT || Giraffe Academy عملي• || https://youtube.com/playlist?list=PLLAZ4kZ9dFpMGXTKXsBM_ZNpJwowfsP49&si=bybLyiZU3qpQyoB || • عملي أسماء || https://t.me/joinchat/tZs3hkjm0g0yMDc8 || • درايف 23 || https://drive.google.com/drive/folders/1f89HpqRzJuru96GXXNW-kHow4gbNVOaV || • درايف 22 || https://drive.google.com/drive/folders/10fdFwsEUge7o7DWWjF4taGytiYDm-g19 || • درايف الطالب || https://drive.google.com/drive/folders/1s6pZBZqvPi-GOCkP8_UpBwizVl33qeMF
CPCS-223,"مادة الخوارزميات تعتبر امتداد وتعمّق لما تم أخذه في برمجة 3، لكنها تركّز بشكل أساسي على تحليل الخوارزميات بدل كتابة الكود فقط. تشرح طرق تصميم الخوارزميات (Algorithms / Methods) وكيفية تقييمها من ناحية السرعة واستهلاك الوقت والموارد. يتم التركيز على تحليل التعقيد باستخدام Big-O و Omega و Theta، مع استخدام الرموز الرياضية مثل Σ (سيجما) لفهم الأداء بشكل أدق. المادة تساعدك تختار الحل الأفضل للمشكلة بدل الاكتفاء بحل يعمل فقط. || عدد ساعات المادة: 3 ساعات",• شروحات د.هاجر +حنان || https://t.me/+LT_i8B0lDWo3MGI0 || • د.عمير || https://t.me/joinchat/R_-G0YkWKzTehqdk || • شرح – ممتاز للميد || https://youtube.com/playlist?list=PLCZPUiJ5kQaHQG9LN3WjxxUmCOKV_heOF&si= || S5u3HONSvhYYTLlA || • شروحات من جامعة جدة || https://youtube.com/playlist?list=PL8eLjCQGlh6SAMMYdB3KY6RNUKbKoOhJh || • شروحات من الجامعة اإلسالمية || https://youtube.com/playlist?list=PL9fwy3NUQKwa6f1e0rrpmQUpME6Sm7ODv || • عبدالباري || https://youtube.com/playlist?list=PLDN4rrl48XKpZkf03iYFlO29szjTrs_O&si=2rK6LuDcXfUaBUkQ || • درايف 23 || https://drive.google.com/drive/folders/1LWHssCifKFWVlRM-Q0mhQa7ou6KcHnxt || • درايف 22 || https://drive.google.com/drive/folders/1gZ7vdpEds7CIjvUMvkeCD7Sh8h6nov9E || • درايف الطالب || https://drive.google.com/drive/folders/13sso1PF57Ii9gVH47Kyu5lfYuRxxNB3A
 CPCS-301,"مادة لغات البرمجة تركز على فهم لغات البرمجة من منظور تحليلي وليس فقط استخدامها. تناقش لماذا ندرس أكثر من لغة برمجة، وكيف يتم تقييم لغات البرمجة من حيث السهولة، الكفاءة، والمرونة. تتطرق لكيفية تصميم اللغة نفسها، مثل Syntax و Semantics، وأنواع لغات البرمجة، ونماذج التنفيذ المختلفة. المادة توسّع فهمك للتفكير البرمجي وتساعدك تتأقلم بسرعة مع أي لغة جديدة في المستقبل. || عدد ساعات المادة: 3 ساعات",• د.رانيا || https://t.me/+WKp31cak5Gc1NGE0 || • عملي تهاني || https://t.me/joinchat/_ZdMTNu7HLE1ODJk || • درايف 23 || https://drive.google.com/drive/folders/1Fy6Ehem7Lwv6x_RJEkeblxFbb4tBuOXF || • درايف 22 || https://drive.google.com/drive/folders/1-VJhZi-vs45qub_AjUcnO-48qpg_pqj0 || • درايف الطالب || https://drive.google.com/drive/folders/1NQD9RQgddeTI-r16NikBDnCN7hvJmb3j
CPCS-214,"مادة بنيان الحاسب تعتبر امتداد لمادة CPCS 211، وتركّز على فهم البنية الداخلية للحاسب بشكل أعمق. تشرح Logic Gates وكيف يتم استخدامها لبناء الدوائر الرقمية، ثم تنتقل لشرح كيفية عمل المعالج (CPU) من الداخل، مثل وحدة التحكم، وحدة الحساب والمنطق، والسجلات. كما توضح كيف يمكن بناء معالج بسيط من الصفر خطوة بخطوة لفهم دورة تنفيذ الأوامر. المادة مهمة لفهم ما يحدث خلف الكود البرمجي وكيف يتعامل الهاردوير مع التعليمات. || عدد ساعات المادة: 3 ساعات",• الكتاب || https://drive.google.com/file/d/1fbNEGoTmfgfUsw5jEMmYQdObphK5yxrk/view?usp=drive_li || nk || • قناة تليجرام || https://t.me/joinchat/8ZCyxruirnw4Mzlk || • د.غسان ام القرى || https://youtube.com/playlist?list=PLGqb1w5WKZITfAcpt_q8oUYb1yHtFEgeU || • احمد فتحي || https://youtube.com/playlist?list=PLQkyODvJ8ywv5YjAQ2uC550ZP1ZCIP4yn || • نتالي || https://youtube.com/playlist?list=PLjiyR6nPcbxzv1MHhyxJqXIOyZ8c1Or_D || • اختبارات قديمة البترول || https://faculty.kfupm.edu.sa/COE/mudawar/coe301/201/index.htm || • احمد || https://youtube.com/playlist?list=PLx4bx4MMxLANj6SS0uPlj17BPaXiv61ZR&si=t6DjBkiV3H || 6z_iE5 || • عملي نجود || https://t.me/joinchat/JlOW8KnxqwRiZGFk || • شرح اسمبلي || https://youtube.com/playlist?list=PL5b07qlmA3P6zUdDf-o97ddfpvPFuNa5A&si=Nm0fVp2UqnRYctA || • درايف 23 || https://drive.google.com/drive/folders/1VofUe_1qRC2ROxPmI_F7qjdwiSexgxnd || • درايف 22 || https://drive.google.com/drive/folders/1-UBfoiiVKE3JcfPCXNxx-7U_pkiXwYCQ || • درايف الطالب || https://drive.google.com/drive/folders/1TZu5EogFItySGb3abrfcNs5VekqstQrs
CPCS-211,"مادة Logic تركز على أساسيات المنطق الرقمي وبناء الدوائر الرقمية. تشرح Logic Gates وكيفية استخدامها، بالإضافة إلى مواضيع متقدمة مثل Registers، و K-Maps (خرائط كارنوف) لتبسيط الدوائر المنطقية، ودوائر التجميع والتتابع. المادة تساعدك تفهم كيف يتم تمثيل البيانات ومعالجتها على مستوى الهاردوير، وهي أساس مهم لمواد مثل بنيان الحاسب والأنظمة الرقمية. || || عددد ساعات المادة: 3 ساعات",▪ د. ليلى || https://t.me/joinchat/5Q6S0EmN9sczNjY8 || ▪ د. ندى || https://t.me/+gLIIyKxVyp4yODY0 || ▪ نتالي || https://youtube.com/playlist?list=PLjiyR6nPcbxy_nbEQHBj5MwGicZRTRM_w || ▪ قناة SoftwareTube || https://youtube.com/playlist?list=PLTr1xN4uMK5s4VmV3T9VJAaHmuCP8Z7vw& || si=7dRhZaJpHuN8FqnB || ▪ قناة Zahi || https://youtube.com/playlist?list=PL21KuaIMCPGoiDogGSxbBtnkmBMM_- || 6o3&si=WN-Vvy12GxdtTLnY || ▪ قناة Neso || https://www.youtube.com/playlist?list=PLBlnK6fEyqRjMH3mWf6kwqiTbT798eA || Om || ▪ درايف || https://drive.google.com/drive/folders/10Weqjp6BtoajlvnnZaQ-CFoEWixXduP8 || ▪ درايف 23 || https://drive.google.com/drive/folders/1-53imSCDl_NvmzaI6YAHFjagST3fd5OV || ▪ درايف 22 || https://drive.google.com/drive/folders/10TeUuFFmXkTe7C5MPoW7jM9i5yCyUMrt
CPCS-212,"مادة ماتلاب تركز على تطبيق الرياضيات بشكل عملي باستخدام لغة MATLAB. تهدف إلى حل المعادلات والمشاكل الرياضية عن طريق البرمجة بدل الطرق اليدوية التقليدية. يتم شرح إيجاد جذور الدوال (نقاط تقاطع الدالة مع محور x عند الصفر) باستخدام أكثر من Method، مع توضيح الفرق بينها من حيث الدقة والسرعة. كذلك تشمل المادة الاشتقاق والتكامل باستخدام ماتلاب، مما يساعد على التعامل مع مسائل رياضية معقدة بطريقة أسرع وأسهل.|| || عدد ساعات المادة: 3 ساعات",▪ د. سناء شرف || https://m.youtube.com/playlist?list=PLCNxJQKQ6tFXtnffqGwUDoScask1P9Hjt || ▪ الب د. نهى || https://youtube.com/playlist?list=PLCNxJQKQ6tFX4XIucX_rgXsL3wxmBTxOc&si || =QSOU21uWBzAfN0eX || ▪ الالبات مع الحل || https://drive.google.com/drive/folders/1h0cEkiY14Xz6fRBsNj5qv1pAL23C2oti || ▪ درايف 23 || https://drive.google.com/drive/folders/1- || 5SP517wgQm8EAUxGqHZBL5Az3uK2hYm || ▪ درايف 22 || https://drive.google.com/drive/folders/10Ut2A_Nvi-Qgt1JQT0gjfuRXMN5FcIw7
CHEM-202,,▪ د. نحاء || https://t.me/+pOP1oji3Enc4OGI0 || ▪ د. قنا السلمي || https://t.me/joinchat/qWcWBumHyJhjMmZk || ▪ شرح سالم باواكد || https://drive.google.com/drive/folders/1_HWHLrn1GpUSSDdirzucr2jOCvoNCxM || B || ▪ الكويزات || https://drive.google.com/drive/mobile/folders/18Sb94eQIXij9JjvGXOGaYNIXVOE || ll52X || ▪ الالبات محلولة د.نائلة || https://drive.google.com/file/d/1ATrRCeT_PspwCctpoYvP9zgzvqrPvlAV/view?usp || =drivesdk || ▪ درايف 23 || https://drive.google.com/drive/folders/1-DMOnGJCtUoAmjq_jVD5IV8H8hesBlAk || ▪ درايف 22 || https://drive.google.com/drive/folders/10fGkLPvxx67lh7hgicU3TmxgrBYu9obP
PHYS-202,,▪ د.محمد آل فرحة || https://youtu.be/Lu6PGpDth3U?si=LaWvXacKL5YW--eW || ▪ قناة تليجرام شروحات + اسئلة || https://t.me/+wOeIrLDynEdjMjM0 || ▪ شرح التجارب || https://t.me/+f-5MCy9T9F41MThk || ▪ طريقة مذاكرة العملي || https://docs.google.com/document/d/1zWUR4puArlGwv6TYiJNR0GWTsqzhCCi || O/edit?usp=drivesdk&ouid=115375976241553319961&rtpof=true&sd=true || ▪ درايف || https://drive.google.com/drive/folders/1nQjBQp2UTblCTFee84IkQ44fcZJYtBNk || ▪ درايف 23 || https://drive.google.com/drive/folders/1-hVJRxOG09n8k2ikQojlB7YnohqF4e3A || ▪ درايف العلوم || https://drive.google.com/drive/folders/1gyDzRZrPcc4xXGsZjDyLajrBYdO_z_Ot || ▪ درايف العلوم طالب || https://drive.google.com/drive/folders/1gyDzRZrPcc4xXGsZjDyLajrBYdO_z_Ot
BIO-202,,▪ قناة ليندا عملي || https://t.me/+6ipyXfEfn6s3NzE8 || ▪ قناة ليندا نظري || https://t.me/+cuPLyJedoXBhNWY0
CPIT-220,المادة نظرية جدًا ومافيها تطبيق عملي فعليًا بتاخذون اشياء نظرية بسيطه من كل بحر مثلًا الشبكات والداتا بيس والمادة بالعموم سهلة وتعتمد على حفظك وبتكون A+ بالجيب ماتاخذ وقت بالمذاكرة,مافي مصدر معين لشرح لان المادة كلها حفظ لكن تقدرون تدخلون قناة صالح وتشوفون تحديد المنسق لترم 24 غالبا مغطي 95‎%‎ من الافكار تقدرون تعتمدون عليه والباقي تاخذون نظرة بسيطة عليه قراءة وذاكرو النماذج بحرص وبتحصلونها فالبوت جاهزة || https://t.me/learnwithssss || الدرايف الخاص بالمادة : || https://drive.google.com/drive/folders/1X6j9oJ3-0kdQuUcv7Uc3GAyViJNwVLHP
CPIT-210,,"> مصادرررر نجي للأشياء الثانية || *اسايمنتات (مع الحلول):* https://drive.google.com/drive/folders/1aw8EfBUuxGx3ZIVrIIVsltMxmdn5h_tT || *كويزات معفنة:* https://drive.google.com/drive/folders/1Aylg9bcP1Faho9UmKum5ASca-jzOR0Eq || *رابط تحميل برنامج Logic Simulator واللي راح تطبقوه في المادة:* https://drive.google.com/file/d/1kfX6tTreufMI-a92E307F0xUaiZ8FIQY/view?usp=drivesdk || محاكي اونلاين لو الي فوق مو عاجبك: logic.ly/demo/ || *نماذج:* https://drive.google.com/drive/folders/1tzELL60jfKVijvq2YYx1p1qXQXjQlDjG || حاليًا بينضاف ملفات زيادة وخصوصًا تست بانك الدربالي مهم تذاكروها || شروحااااات || *للتنويه:* جميع المصادر الي تشوفوه موجهة لبنيان `تخصص الـIT`، شخصيًا ما عندي اي مصدر لبنيان IS لكن يمكن تستفيدون من مقاطع الشرح وانت تابعوا الي راح يجي في منهجكم || > قناة هتان بالتلقرام وتقريبًا فيه اغلب شروحات المادة || https://t.me/HatCPIT210 || وبالنسبة لجماعة نيسو، ما نسيناكم ترا له شروحات بعد لكن خذوا الي يفيدكم فالاختبارات: || https://youtube.com/playlist?list=PLq5czBCfIBvt0aaMkvSDbEQcFb1ISs6ml&si=GDx4S6FNeiJVgHPx || شرح دكتور محمد خميس للمادة: || https://youtube.com/playlist?list=PLaedScqkFqHGkbpyqdUsdCIZZ4uuYjIpR&si=EnSIkaIECMiOmarE || شخصيًا ما انصح فيه كثير لكن فيه ناس تفهم منه || شرح محمد ماهر (شرحه فنان بس مقاطعه طويلة شوي): || https://www.youtube.com/@MohamedMaher22 || باقي الشروحات بقناة هتان وفي بعد هنا: || https://drive.google.com/file/d/1azbMAje2YLq42pgbRz16GONSMHyVqTNc/view?usp=drivesdk || > أشياء ثانية مفيدة || ملخص لـInterrupt مرة مهمة للفاينل: || https://docs.google.com/document/d/1FHvcfpG1ZPtuhX6dVFMcwjudnYOtpV8i/edit?usp=drivesdk&ouid=107788741834523992499&rtpof=true&sd=true || منهج الاسمبلي للاب: || https://drive.google.com/file/d/147vVHlcaYaxtmeLUVrRapKV4eYFLFNNw/view?usp=drivesdk || شرح منهج الفاينل كامل بالعربي || https://youtu.be/4wSaGD1trZw?si=mzywTWNiSL2g-1_R || شروحات افضل للفاينل ( انا ذاكرتها ) || Chapter 3 || Program execution || https://youtu.be/UpU5svo87Oo?si=7YQbvETV_HNrePIk || Chapter 4 || Direct mapping || https://youtu.be/OxaYvJquPe0?si=6sgSwxhFQswFQ1Ls || Associative mapping || https://youtu.be/mVw7HiUVYt0?si=LByRn5gUqdrYaJIp || Set associative (2way - 4way) || https://youtu.be/ejTCm7eHsM8?si=HRVeqOwpn0pyX2mo || Part 2 || https://youtu.be/-oaiLatXdXw?si=hEpLPGZhE3_UzksT || Chapter 10 || 3 address instruction || https://youtu.be/wUHggnlE2cw?si=00WdIzTzky3qD_pY || 2 address instruction || https://youtu.be/mNhfSmGn2hw?si=wAZSD34gJAGR1YL4 || 1 address Instruction || https://youtu.be/c5SeaGE5Vuw?si=dUAbN-xQEdN6lCkv || 0 address instruction || https://youtu.be/qM3-OVfVbLs?si=1kCGM3XGzaadOknB || Chapter 11 || Addressing modes || https://youtu.be/d7gu5E4rF6g?si=GBkiP2x23kCVtbAm"
CPIT-240,,شرح الدسوقي للمنهج بالسلايدات حقنا : || https://youtube.com/playlist?list=PL37D52B7714788190&si=60SPYF0LfE9wbvdz
CPIT-250,》نصائح عشوائية || - بعد ما تخلص النماذج امسكوا النماذج وخصوصًا حق دفعتنا بحكم انها في اسئلة كثير تكررت 🌚 || - سواء كنت عند نبيل ولا عوني *اطلبوا مراجعة قبل الاختبار* || - الاختبارات فيها تكسير يد شويتين والكلام هذا ينطبق على كل مواد السوفتوير تقريبًا فلازم تتدربوا كويس,"*مصادر تحليل وتصميم النظم (250) وصلت* 🔥 || 》مصادر المادة (اختبارات سابقة، ملخصات، سلايدات، ✨يمكن مشاريع سابقة✨): || https://drive.google.com/drive/folders/1sswhDNnZd0u5ymnp4GJTc_Fu2XshbFuu || 》جزء من المنهج تلاقي شرحه هنا: || https://youtu.be/hMVTL7Z14IM?feature=shared || (تأكد قبل ما تشوف المقاطع تاخذ فرة على السلايدات وشوف اذا يشرح على نفس سلايداتكم ولا لا)"
CPIT-260,يقولون اثقل مادة في التخصص لها مصادر 🔥 || 》نصايح هتانية (ويمكن مني كمان لانه ليش لا): || - زنقة الكلاب تنفع؟ لا || - السلايدات الي بالقناة حق هتان تفرق؟ يب لأن رضا كل ترم يجدد وينقص ويحدث ف اعتمدوا حقته || - هل رضا يسوي مراجعة؟ يب بالفاينل وركزوا فيه || - كيف تمشي بالمادة؟ بدعاء الوالدين || - توزيع الدرجات (رضا): || 30 نصفي || 35 نهائي || 20 اختبار عملي || 10 مشروع || 5 مشاركات (او ممكن يكون كويز),"مصادر زيادة للمادة (اختبارات سابقة، ملفات مفيدة، طبعًا بينضاف ملفات مع الوقت):  https://drive.google.com/drive/folders/1EcH6CbMuuIc-flu1i8X0oPQ_iuQs0T6x  شرح يوتيوب للمادة : || https://youtube.com/playlist?list=PLxIvc-MGOs6ib0oK1z9C46DeKd9rRcSMY&si=s4kblcMs9H3MkDWv"
CPIT-285,,دسكورد رايد يكفي👍👍
